[
    {
        "title": "Mow the lawn",
        "project": "House Chores",
        "elapsed": 5460551,
        "id": "0a4a79cb-b06d-4cb1-883d-549a1e3b66d7",
        "runningSince": null
    },
    {
        "title": "Clear paper jam",
        "project": "Office Chores",
        "elapsed": 1273998,
        "id": "a73c1d19-f32d-4aff-b470-cea4e792406a"
    },
    {
        "title": "Ponder origins of universe",
        "project": "Life Chores",
        "id": "2c43306e-5b44-4ff8-8753-33c35adbd06f",
        "elapsed": 19808791358,
        "runningSince": null
    },
    {
        "title": "teste",
        "project": "projeto de teste",
        "id": "f193dc66-fee7-4d5e-a2e8-8cb38e46013e",
        "elapsed": 3747,
        "runningSince": null
    }
]